Generated name,Period
iñakal.,modern
soray.,modern
cristere.,modern
dima.,modern
jose rancisco maria maria valen.,modern
maria azuham.,modern
han.,modern
cristibal.,modern
angelenrica.,modern
joenlessiloe.,modern
maria aria ageel.,modern
xau.,modern
neus.,modern
iñelessando.,modern
jesusenda.,modern
francisco luca.,modern
josefan.,modern
luca mari.,modern
jose enricsel.,modern
maria.,modern
hectoria.,modern
lia elvuituco ramonso.,modern
besteres.,modern
gisenda ceo.,modern
xaia.,modern
karia.,modern
paul.,modern
ona.,modern
jugilio davier.,modern
antoni.,modern
eloreto.,modern
jose andres.,modern
marcandela.,modern
ando jose miguel.,modern
thmin.,modern
sabril.,modern
nia fernarmela.,modern
dyvigoo.,modern
paula.,modern
pedro javier.,modern
julian.,modern
francisco angel.,modern
orlando.,modern
judia.,modern
jose edurnes.,modern
maria.,modern
luctaviia.,modern
ricn.,modern
serrat.,modern
cristina.,modern
iso.,old
ciceles.,old
agis.,old
bertolo.,old
manuela.,old
toño.,old
amelito.,old
clautistiana.,old
victora.,old
chura.,old
atilseo.,old
helileeta.,old
enrianorteo.,old
tudito.,old
enriquinito.,old
agorian.,old
davieini.,old
juan dano.,old
jesus.,old
enriquesnasio.,old
gonzalia.,old
forencito.,old
hernardo.,old
esta.,old
tor.,old
salva.,old
hermezte.,old
milaurenigulas.,old
galome.,old
bertruiznuicesca lupito antonio.,old
alfonso de gariclriettor.,old
paco de la ato.,old
cas dedito.,old
nacola.,old
ela.,old
andro pepa jorge.,old
ernaocircio.,old
nogiolo.,old
pilan dumia.,old
luis de melio.,old
san.,old
salomasio.,old
lucrelia.,old
santa.,old
hel.,old
nina.,old
pablo josefa ilisabelia.,old
lupita.,old
tomingo domier.,old
cabio.,old
